estimators,max_depth,backend,threads,nodes,dataset,accuracy,f1,train_time,predict_time
8,0,omp,2,1,iris,0.966667,0.967963,0.690737,0.012637
8,0,omp,4,1,iris,0.966667,0.967963,0.668593,0.015367
8,0,omp,8,1,iris,0.966667,0.967963,0.849324,0.023831
8,0,omp,16,1,iris,0.966667,0.967963,1.1974,0.026846
8,0,omp,32,1,iris,0.966667,0.967963,2.0662,0.045525
16,0,omp,2,1,iris,0.966667,0.967963,1.61538,0.015177
16,0,omp,4,1,iris,0.966667,0.967963,1.26235,0.021962
16,0,omp,8,1,iris,0.966667,0.967963,0.969977,0.027249
16,0,omp,16,1,iris,0.966667,0.967963,2.11077,0.034965
16,0,omp,32,1,iris,0.966667,0.967963,3.09024,0.044561
32,0,omp,2,1,iris,0.966667,0.967963,1.98946,0.023009
32,0,omp,4,1,iris,0.966667,0.967963,1.31334,0.027184
32,0,omp,8,1,iris,0.966667,0.967963,1.23418,0.037256
32,0,omp,16,1,iris,0.966667,0.967963,2.04753,0.043447
32,0,omp,32,1,iris,0.966667,0.967963,3.52676,0.052399
64,0,omp,2,1,iris,0.966667,0.967963,4.40125,0.043126
64,0,omp,4,1,iris,0.966667,0.967963,2.31775,0.065583
64,0,omp,8,1,iris,0.966667,0.967963,1.76557,0.049918
64,0,omp,16,1,iris,0.966667,0.967963,2.23103,0.058802
64,0,omp,32,1,iris,0.966667,0.967963,3.36288,0.063083
128,0,omp,2,1,iris,0.966667,0.967963,7.47824,0.06014
128,0,omp,4,1,iris,0.966667,0.967963,4.66572,0.060836
128,0,omp,8,1,iris,0.966667,0.967963,2.68218,0.072965
128,0,omp,16,1,iris,0.966667,0.967963,2.60301,0.069286
128,0,omp,32,1,iris,0.966667,0.967963,4.16957,0.092955
256,0,omp,2,1,iris,0.966667,0.967963,14.642,0.113225
256,0,omp,4,1,iris,0.966667,0.967963,7.76169,0.089979
256,0,omp,8,1,iris,0.966667,0.967963,4.43981,0.081958
256,0,omp,16,1,iris,0.966667,0.967963,4.46549,0.113636
256,0,omp,32,1,iris,0.966667,0.967963,4.45121,0.127525
8,0,seq,1,1,iris,0.966667,0.967963,0.880994,0.010313
8,0,seq,1,1,iris,0.966667,0.967963,0.944809,0.011117
8,0,seq,1,1,iris,0.966667,0.967963,0.932471,0.010726
8,0,seq,1,1,iris,0.966667,0.967963,0.893785,0.010536
8,0,seq,1,1,iris,0.966667,0.967963,0.878871,0.01018
16,0,seq,1,1,iris,0.966667,0.967963,1.71664,0.016594
16,0,seq,1,1,iris,0.966667,0.967963,1.71626,0.015075
16,0,seq,1,1,iris,0.966667,0.967963,1.73146,0.014001
16,0,seq,1,1,iris,0.966667,0.967963,1.72514,0.016099
16,0,seq,1,1,iris,0.966667,0.967963,1.72131,0.015734
32,0,seq,1,1,iris,0.966667,0.967963,3.39305,0.02207
32,0,seq,1,1,iris,0.966667,0.967963,3.36105,0.023785
32,0,seq,1,1,iris,0.966667,0.967963,3.40814,0.025243
32,0,seq,1,1,iris,0.966667,0.967963,3.36188,0.022905
32,0,seq,1,1,iris,0.966667,0.967963,3.55862,0.023797
64,0,seq,1,1,iris,0.966667,0.967963,6.92793,0.042722
64,0,seq,1,1,iris,0.966667,0.967963,6.82267,0.045833
64,0,seq,1,1,iris,0.966667,0.967963,6.79963,0.043655
64,0,seq,1,1,iris,0.966667,0.967963,6.74106,0.039798
64,0,seq,1,1,iris,0.966667,0.967963,6.77671,0.054565
128,0,seq,1,1,iris,0.966667,0.967963,13.4726,0.071259
128,0,seq,1,1,iris,0.966667,0.967963,13.374,0.073419
128,0,seq,1,1,iris,0.966667,0.967963,13.4189,0.072017
128,0,seq,1,1,iris,0.966667,0.967963,13.5029,0.073849
128,0,seq,1,1,iris,0.966667,0.967963,13.328,0.075562
256,0,seq,1,1,iris,0.966667,0.967963,26.6705,0.150231
256,0,seq,1,1,iris,0.966667,0.967963,26.8165,0.131319
256,0,seq,1,1,iris,0.966667,0.967963,26.5484,0.131646
256,0,seq,1,1,iris,0.966667,0.967963,26.7189,0.128243
256,0,seq,1,1,iris,0.966667,0.967963,27.1937,0.133065
8,0,ff,2,1,iris,0.966667,0.967963,0.992935,0.57867
8,0,ff,2,1,iris,0.966667,0.967963,0.966472,0.585392
8,0,ff,2,1,iris,0.966667,0.967963,0.94849,0.632096
8,0,ff,2,1,iris,0.966667,0.967963,1.4951,0.561766
8,0,ff,2,1,iris,0.966667,0.967963,1.0005,0.565448
8,0,ff,4,1,iris,0.966667,0.967963,1.59624,1.64325
8,0,ff,4,1,iris,0.966667,0.967963,0.958888,0.957671
8,0,ff,4,1,iris,0.966667,0.967963,1.53149,1.11047
8,0,ff,4,1,iris,0.966667,0.967963,0.941663,0.928392
8,0,ff,4,1,iris,0.966667,0.967963,1.48758,1.49891
8,0,ff,8,1,iris,0.966667,0.967963,1.95375,2.19972
8,0,ff,8,1,iris,0.966667,0.967963,2.01965,2.12383
8,0,ff,8,1,iris,0.966667,0.967963,1.32453,1.61773
8,0,ff,8,1,iris,0.966667,0.967963,1.85682,2.23775
8,0,ff,8,1,iris,0.966667,0.967963,1.78535,2.35964
8,0,ff,16,1,iris,0.966667,0.967963,3.27317,4.14247
8,0,ff,16,1,iris,0.966667,0.967963,3.1692,4.80443
8,0,ff,16,1,iris,0.966667,0.967963,3.09318,4.20766
8,0,ff,16,1,iris,0.966667,0.967963,2.50148,4.10278
8,0,ff,16,1,iris,0.966667,0.967963,3.24799,4.85033
8,0,ff,32,1,iris,0.966667,0.967963,4.20757,7.81175
8,0,ff,32,1,iris,0.966667,0.967963,4.33935,7.73884
8,0,ff,32,1,iris,0.966667,0.967963,4.32993,7.56082
8,0,ff,32,1,iris,0.966667,0.967963,5.61879,9.86646
8,0,ff,32,1,iris,0.966667,0.967963,4.30947,7.26894
16,0,ff,2,1,iris,0.966667,0.967963,2.23559,0.596735
16,0,ff,2,1,iris,0.966667,0.967963,2.21078,0.513176
16,0,ff,2,1,iris,0.966667,0.967963,2.22623,0.560124
16,0,ff,2,1,iris,0.966667,0.967963,2.2134,0.600016
16,0,ff,2,1,iris,0.966667,0.967963,2.28713,0.537142
16,0,ff,4,1,iris,0.966667,0.967963,1.84802,0.830022
16,0,ff,4,1,iris,0.966667,0.967963,1.79738,0.92224
16,0,ff,4,1,iris,0.966667,0.967963,1.88512,0.90233
16,0,ff,4,1,iris,0.966667,0.967963,1.85062,0.846865
16,0,ff,4,1,iris,0.966667,0.967963,1.96998,1.75378
16,0,ff,8,1,iris,0.966667,0.967963,2.08941,1.89195
16,0,ff,8,1,iris,0.966667,0.967963,1.33796,1.80158
16,0,ff,8,1,iris,0.966667,0.967963,1.8188,1.88501
16,0,ff,8,1,iris,0.966667,0.967963,1.76894,1.86962
16,0,ff,8,1,iris,0.966667,0.967963,1.92617,1.65811
16,0,ff,16,1,iris,0.966667,0.967963,3.68576,5.5596
16,0,ff,16,1,iris,0.966667,0.967963,3.31926,4.71533
16,0,ff,16,1,iris,0.966667,0.967963,3.44322,4.27135
16,0,ff,16,1,iris,0.966667,0.967963,2.74907,4.19623
16,0,ff,16,1,iris,0.966667,0.967963,3.77966,4.8296
16,0,ff,32,1,iris,0.966667,0.967963,5.59185,8.76709
16,0,ff,32,1,iris,0.966667,0.967963,5.03559,8.03327
16,0,ff,32,1,iris,0.966667,0.967963,4.9668,8.17297
16,0,ff,32,1,iris,0.966667,0.967963,4.95992,8.02809
16,0,ff,32,1,iris,0.966667,0.967963,5.65312,9.34652
32,0,ff,2,1,iris,0.966667,0.967963,3.48321,0.682515
32,0,ff,2,1,iris,0.966667,0.967963,2.62172,0.590612
32,0,ff,2,1,iris,0.966667,0.967963,2.72195,0.560369
32,0,ff,2,1,iris,0.966667,0.967963,2.62326,0.723173
32,0,ff,2,1,iris,0.966667,0.967963,2.79149,0.539101
32,0,ff,4,1,iris,0.966667,0.967963,2.28315,1.09522
32,0,ff,4,1,iris,0.966667,0.967963,2.28641,1.12878
32,0,ff,4,1,iris,0.966667,0.967963,2.38948,0.981734
32,0,ff,4,1,iris,0.966667,0.967963,2.45401,0.873828
32,0,ff,4,1,iris,0.966667,0.967963,2.49055,0.9789
32,0,ff,8,1,iris,0.966667,0.967963,2.09043,2.28589
32,0,ff,8,1,iris,0.966667,0.967963,2.17802,1.88599
32,0,ff,8,1,iris,0.966667,0.967963,2.23409,1.87337
32,0,ff,8,1,iris,0.966667,0.967963,2.10788,1.83581
32,0,ff,8,1,iris,0.966667,0.967963,2.74977,1.89396
32,0,ff,16,1,iris,0.966667,0.967963,3.33511,4.19918
32,0,ff,16,1,iris,0.966667,0.967963,3.45156,4.85149
32,0,ff,16,1,iris,0.966667,0.967963,3.41101,4.42005
32,0,ff,16,1,iris,0.966667,0.967963,3.27772,4.63873
32,0,ff,16,1,iris,0.966667,0.967963,3.25769,4.46532
32,0,ff,32,1,iris,0.966667,0.967963,5.79346,9.5145
32,0,ff,32,1,iris,0.966667,0.967963,5.53625,8.91717
32,0,ff,32,1,iris,0.966667,0.967963,5.58899,10.4577
32,0,ff,32,1,iris,0.966667,0.967963,4.71221,7.25194
32,0,ff,32,1,iris,0.966667,0.967963,5.54032,9.48793
64,0,ff,2,1,iris,0.966667,0.967963,4.5903,0.582897
64,0,ff,2,1,iris,0.966667,0.967963,4.61401,0.678909
64,0,ff,2,1,iris,0.966667,0.967963,4.60181,0.669763
64,0,ff,2,1,iris,0.966667,0.967963,5.231,0.617677
64,0,ff,2,1,iris,0.966667,0.967963,4.62213,0.682393
64,0,ff,4,1,iris,0.966667,0.967963,3.61541,0.974683
64,0,ff,4,1,iris,0.966667,0.967963,3.59387,0.829898
64,0,ff,4,1,iris,0.966667,0.967963,3.604,0.854456
64,0,ff,4,1,iris,0.966667,0.967963,3.00902,0.971866
64,0,ff,4,1,iris,0.966667,0.967963,3.54975,0.95817
64,0,ff,8,1,iris,0.966667,0.967963,2.92944,2.48039
64,0,ff,8,1,iris,0.966667,0.967963,2.91152,1.81708
64,0,ff,8,1,iris,0.966667,0.967963,2.78581,1.83648
64,0,ff,8,1,iris,0.966667,0.967963,3.48296,1.93433
64,0,ff,8,1,iris,0.966667,0.967963,3.30694,1.87116
64,0,ff,16,1,iris,0.966667,0.967963,3.78778,4.75072
64,0,ff,16,1,iris,0.966667,0.967963,3.74827,4.76241
64,0,ff,16,1,iris,0.966667,0.967963,3.8904,5.53591
64,0,ff,16,1,iris,0.966667,0.967963,3.39756,4.64877
64,0,ff,16,1,iris,0.966667,0.967963,3.70097,4.96305
64,0,ff,32,1,iris,0.966667,0.967963,5.56737,9.60087
64,0,ff,32,1,iris,0.966667,0.967963,5.49566,9.13658
64,0,ff,32,1,iris,0.966667,0.967963,4.8203,7.98884
64,0,ff,32,1,iris,0.966667,0.967963,5.72206,8.67264
64,0,ff,32,1,iris,0.966667,0.967963,5.04124,7.73763
128,0,ff,2,1,iris,0.966667,0.967963,8.86067,0.674475
128,0,ff,2,1,iris,0.966667,0.967963,8.86086,0.611318
128,0,ff,2,1,iris,0.966667,0.967963,8.76222,0.670248
128,0,ff,2,1,iris,0.966667,0.967963,8.71881,0.673768
128,0,ff,2,1,iris,0.966667,0.967963,9.25675,0.678399
128,0,ff,4,1,iris,0.966667,0.967963,6.09991,0.939272
128,0,ff,4,1,iris,0.966667,0.967963,5.50463,0.955138
128,0,ff,4,1,iris,0.966667,0.967963,6.34911,0.884956
128,0,ff,4,1,iris,0.966667,0.967963,5.98268,0.910652
128,0,ff,4,1,iris,0.966667,0.967963,6.35171,0.967731
128,0,ff,8,1,iris,0.966667,0.967963,4.94166,2.08712
128,0,ff,8,1,iris,0.966667,0.967963,4.51741,2.4168
128,0,ff,8,1,iris,0.966667,0.967963,4.90999,1.95679
128,0,ff,8,1,iris,0.966667,0.967963,4.55083,1.95279
128,0,ff,8,1,iris,0.966667,0.967963,4.57399,1.91914
128,0,ff,16,1,iris,0.966667,0.967963,4.25524,4.63156
128,0,ff,16,1,iris,0.966667,0.967963,4.03566,4.72883
128,0,ff,16,1,iris,0.966667,0.967963,4.17987,4.7215
128,0,ff,16,1,iris,0.966667,0.967963,5.07331,4.44975
128,0,ff,16,1,iris,0.966667,0.967963,4.40445,4.73523
128,0,ff,32,1,iris,0.966667,0.967963,5.5086,8.94378
128,0,ff,32,1,iris,0.966667,0.967963,5.19131,8.59281
128,0,ff,32,1,iris,0.966667,0.967963,6.0126,9.49159
128,0,ff,32,1,iris,0.966667,0.967963,5.68541,9.11395
128,0,ff,32,1,iris,0.966667,0.967963,6.10537,9.503
256,0,ff,2,1,iris,0.966667,0.967963,17.5213,0.729788
256,0,ff,2,1,iris,0.966667,0.967963,17.0574,0.723851
256,0,ff,2,1,iris,0.966667,0.967963,17.7062,0.709715
256,0,ff,2,1,iris,0.966667,0.967963,17.0738,0.740094
256,0,ff,2,1,iris,0.966667,0.967963,17.751,0.72327
256,0,ff,4,1,iris,0.966667,0.967963,8.92571,0.917335
256,0,ff,4,1,iris,0.966667,0.967963,8.87559,1.00675
256,0,ff,4,1,iris,0.966667,0.967963,8.80662,1.16033
256,0,ff,4,1,iris,0.966667,0.967963,8.94982,1.01425
256,0,ff,4,1,iris,0.966667,0.967963,9.40966,1.06188
256,0,ff,8,1,iris,0.966667,0.967963,7.05349,1.94486
256,0,ff,8,1,iris,0.966667,0.967963,7.35437,2.03227
256,0,ff,8,1,iris,0.966667,0.967963,7.20252,1.93288
256,0,ff,8,1,iris,0.966667,0.967963,7.12116,2.04728
256,0,ff,8,1,iris,0.966667,0.967963,7.44087,2.01129
256,0,ff,16,1,iris,0.966667,0.967963,7.64514,6.19008
256,0,ff,16,1,iris,0.966667,0.967963,7.32629,5.54422
256,0,ff,16,1,iris,0.966667,0.967963,7.34586,4.26601
256,0,ff,16,1,iris,0.966667,0.967963,6.97009,4.73862
256,0,ff,16,1,iris,0.966667,0.967963,7.57223,5.38936
256,0,ff,32,1,iris,0.966667,0.967963,6.96329,11.1277
256,0,ff,32,1,iris,0.966667,0.967963,6.71326,9.22454
256,0,ff,32,1,iris,0.966667,0.967963,7.77555,9.44369
256,0,ff,32,1,iris,0.966667,0.967963,6.60062,9.79364
256,0,ff,32,1,iris,0.966667,0.967963,6.69365,9.00803
8,0,mpi,8,2,iris,0.966667,0.967963,1.18236,10.7073
8,0,mpi,8,2,iris,0.966667,0.967963,1.24624,10.8082
8,0,mpi,8,2,iris,0.966667,0.967963,0.671267,10.7692
8,0,mpi,8,2,iris,0.966667,0.967963,1.1893,10.3107
8,0,mpi,8,2,iris,0.966667,0.967963,1.1931,10.6506
8,0,mpi,16,2,iris,0.966667,0.967963,1.46617,10.424
8,0,mpi,16,2,iris,0.966667,0.967963,1.52909,10.8252
8,0,mpi,16,2,iris,0.966667,0.967963,1.57937,4.94972
8,0,mpi,16,2,iris,0.966667,0.967963,1.51086,10.6939
8,0,mpi,16,2,iris,0.966667,0.967963,1.54651,5.16468
8,0,mpi,32,2,iris,0.966667,0.967963,2.35349,10.9295
8,0,mpi,32,2,iris,0.966667,0.967963,1.92196,10.675
8,0,mpi,32,2,iris,0.966667,0.967963,1.85006,10.846
8,0,mpi,32,2,iris,0.966667,0.967963,2.30278,10.9447
8,0,mpi,32,2,iris,0.966667,0.967963,1.91182,10.3047
8,0,mpi,8,4,iris,0.966667,0.967963,1.07288,11.017
8,0,mpi,8,4,iris,0.966667,0.967963,1.12416,11.103
8,0,mpi,8,4,iris,0.966667,0.967963,1.02053,10.9955
8,0,mpi,8,4,iris,0.966667,0.967963,1.04898,11.0836
8,0,mpi,8,4,iris,0.966667,0.967963,0.75306,11.0022
8,0,mpi,16,4,iris,0.966667,0.967963,1.38835,11.1535
8,0,mpi,16,4,iris,0.966667,0.967963,1.37673,10.9503
8,0,mpi,16,4,iris,0.966667,0.967963,1.42975,11.2066
8,0,mpi,16,4,iris,0.966667,0.967963,1.39173,5.13171
8,0,mpi,16,4,iris,0.966667,0.967963,1.42502,11.126
8,0,mpi,32,4,iris,0.966667,0.967963,1.71658,11.5537
8,0,mpi,32,4,iris,0.966667,0.967963,2.19996,4.46712
8,0,mpi,32,4,iris,0.966667,0.967963,2.24624,12.5853
8,0,mpi,32,4,iris,0.966667,0.967963,2.22589,11.1333
8,0,mpi,32,4,iris,0.966667,0.967963,2.24731,4.66253
8,0,mpi,8,8,iris,0.966667,0.967963,1.01351,10.8588
8,0,mpi,8,8,iris,0.966667,0.967963,1.01566,10.3756
8,0,mpi,8,8,iris,0.966667,0.967963,0.558462,11.4692
8,0,mpi,8,8,iris,0.966667,0.967963,1.00841,4.85107
8,0,mpi,8,8,iris,0.966667,0.967963,1.07005,11.89
8,0,mpi,16,8,iris,0.966667,0.967963,1.38506,11.2022
8,0,mpi,16,8,iris,0.966667,0.967963,0.88295,11.4657
8,0,mpi,16,8,iris,0.966667,0.967963,1.46045,11.6704
8,0,mpi,16,8,iris,0.966667,0.967963,1.38518,11.1971
8,0,mpi,16,8,iris,0.966667,0.967963,1.39084,12.0092
8,0,mpi,32,8,iris,0.966667,0.967963,2.22463,3.4827
8,0,mpi,32,8,iris,0.966667,0.967963,2.22033,14.5972
8,0,mpi,32,8,iris,0.966667,0.967963,2.21423,11.3355
8,0,mpi,32,8,iris,0.966667,0.967963,2.22639,3.48918
8,0,mpi,32,8,iris,0.966667,0.967963,2.16803,11.3707
16,0,mpi,8,2,iris,0.966667,0.967963,1.39839,10.3993
16,0,mpi,8,2,iris,0.966667,0.967963,0.827395,6.13575
16,0,mpi,8,2,iris,0.966667,0.967963,1.38224,9.39647
16,0,mpi,8,2,iris,0.966667,0.967963,1.42677,10.6956
16,0,mpi,8,2,iris,0.966667,0.967963,1.32195,10.6508
16,0,mpi,16,2,iris,0.966667,0.967963,1.77908,10.0321
16,0,mpi,16,2,iris,0.966667,0.967963,1.74639,10.7494
16,0,mpi,16,2,iris,0.966667,0.967963,1.76895,9.80409
16,0,mpi,16,2,iris,0.966667,0.967963,1.78414,10.7759
16,0,mpi,16,2,iris,0.966667,0.967963,1.74749,10.4273
16,0,mpi,32,2,iris,0.966667,0.967963,2.56068,10.8005
16,0,mpi,32,2,iris,0.966667,0.967963,2.66804,9.85843
16,0,mpi,32,2,iris,0.966667,0.967963,2.1036,13.5648
16,0,mpi,32,2,iris,0.966667,0.967963,2.58836,10.6899
16,0,mpi,32,2,iris,0.966667,0.967963,2.64841,10.0352
16,0,mpi,8,4,iris,0.966667,0.967963,0.670642,11.7765
16,0,mpi,8,4,iris,0.966667,0.967963,1.1882,10.9091
16,0,mpi,8,4,iris,0.966667,0.967963,1.18126,11.2071
16,0,mpi,8,4,iris,0.966667,0.967963,0.668595,10.4648
16,0,mpi,8,4,iris,0.966667,0.967963,1.23195,10.8309
16,0,mpi,16,4,iris,0.966667,0.967963,1.55384,10.9464
16,0,mpi,16,4,iris,0.966667,0.967963,1.5138,11.2721
16,0,mpi,16,4,iris,0.966667,0.967963,1.57289,11.4897
16,0,mpi,16,4,iris,0.966667,0.967963,1.56182,11.0257
16,0,mpi,16,4,iris,0.966667,0.967963,1.52146,11.2292
16,0,mpi,32,4,iris,0.966667,0.967963,2.34821,11.1181
16,0,mpi,32,4,iris,0.966667,0.967963,2.34489,10.9318
16,0,mpi,32,4,iris,0.966667,0.967963,2.3766,11.0139
16,0,mpi,32,4,iris,0.966667,0.967963,2.36671,4.89893
16,0,mpi,32,4,iris,0.966667,0.967963,2.47206,12.6775
16,0,mpi,8,8,iris,0.966667,0.967963,0.580342,12.0315
16,0,mpi,8,8,iris,0.966667,0.967963,1.0389,11.584
16,0,mpi,8,8,iris,0.966667,0.967963,1.10123,11.4498
16,0,mpi,8,8,iris,0.966667,0.967963,1.06235,11.971
16,0,mpi,8,8,iris,0.966667,0.967963,0.616374,12.0668
16,0,mpi,16,8,iris,0.966667,0.967963,1.4402,4.86271
16,0,mpi,16,8,iris,0.966667,0.967963,0.89725,11.3377
16,0,mpi,16,8,iris,0.966667,0.967963,1.38905,10.5547
16,0,mpi,16,8,iris,0.966667,0.967963,1.39647,11.063
16,0,mpi,16,8,iris,0.966667,0.967963,1.41034,12.3072
16,0,mpi,32,8,iris,0.966667,0.967963,2.28006,13.6002
16,0,mpi,32,8,iris,0.966667,0.967963,2.20818,13.2333
16,0,mpi,32,8,iris,0.966667,0.967963,2.22418,4.39524
16,0,mpi,32,8,iris,0.966667,0.967963,2.27751,5.10975
16,0,mpi,32,8,iris,0.966667,0.967963,2.23764,12.4732
32,0,mpi,8,2,iris,0.966667,0.967963,1.56311,10.4549
32,0,mpi,8,2,iris,0.966667,0.967963,0.981589,10.7115
32,0,mpi,8,2,iris,0.966667,0.967963,1.44843,10.8406
32,0,mpi,8,2,iris,0.966667,0.967963,0.98901,10.8415
32,0,mpi,8,2,iris,0.966667,0.967963,1.45771,10.7276
32,0,mpi,16,2,iris,0.966667,0.967963,2.01442,10.7598
32,0,mpi,16,2,iris,0.966667,0.967963,2.25576,10.4712
32,0,mpi,16,2,iris,0.966667,0.967963,2.14187,10.6863
32,0,mpi,16,2,iris,0.966667,0.967963,1.669,11.3672
32,0,mpi,16,2,iris,0.966667,0.967963,2.14965,10.7091
32,0,mpi,32,2,iris,0.966667,0.967963,3.20412,10.7763
32,0,mpi,32,2,iris,0.966667,0.967963,3.0651,10.0325
32,0,mpi,32,2,iris,0.966667,0.967963,2.4965,10.8173
32,0,mpi,32,2,iris,0.966667,0.967963,2.52928,11.7861
32,0,mpi,32,2,iris,0.966667,0.967963,3.12117,10.7785
32,0,mpi,8,4,iris,0.966667,0.967963,0.783871,6.12214
32,0,mpi,8,4,iris,0.966667,0.967963,1.39081,11.1541
32,0,mpi,8,4,iris,0.966667,0.967963,1.40385,10.9764
32,0,mpi,8,4,iris,0.966667,0.967963,0.860076,5.81506
32,0,mpi,8,4,iris,0.966667,0.967963,0.829884,11.6521
32,0,mpi,16,4,iris,0.966667,0.967963,1.74517,11.1178
32,0,mpi,16,4,iris,0.966667,0.967963,1.66529,10.8943
32,0,mpi,16,4,iris,0.966667,0.967963,1.28831,11.3084
32,0,mpi,16,4,iris,0.966667,0.967963,1.77789,10.999
32,0,mpi,16,4,iris,0.966667,0.967963,1.29785,11.3839
32,0,mpi,32,4,iris,0.966667,0.967963,2.56079,14.327
32,0,mpi,32,4,iris,0.966667,0.967963,2.16894,11.1915
32,0,mpi,32,4,iris,0.966667,0.967963,2.60762,11.4092
32,0,mpi,32,4,iris,0.966667,0.967963,3.99414,18.786
32,0,mpi,32,4,iris,0.966667,0.967963,2.11423,4.78626
32,0,mpi,8,8,iris,0.966667,0.967963,0.642527,4.65841
32,0,mpi,8,8,iris,0.966667,0.967963,1.21955,11.0285
32,0,mpi,8,8,iris,0.966667,0.967963,0.680927,12.719
32,0,mpi,8,8,iris,0.966667,0.967963,0.67682,11.6057
32,0,mpi,8,8,iris,0.966667,0.967963,1.14913,11.5872
32,0,mpi,16,8,iris,0.966667,0.967963,1.50681,10.5424
32,0,mpi,16,8,iris,0.966667,0.967963,1.05559,12.3491
32,0,mpi,16,8,iris,0.966667,0.967963,1.53042,11.3464
32,0,mpi,16,8,iris,0.966667,0.967963,1.50111,11.9932
32,0,mpi,16,8,iris,0.966667,0.967963,1.519,4.5717
32,0,mpi,32,8,iris,0.966667,0.967963,2.33259,11.2268
32,0,mpi,32,8,iris,0.966667,0.967963,2.32363,11.135
32,0,mpi,32,8,iris,0.966667,0.967963,2.31216,3.58996
32,0,mpi,32,8,iris,0.966667,0.967963,2.30006,12.0
32,0,mpi,32,8,iris,0.966667,0.967963,2.40776,11.0606
64,0,mpi,8,2,iris,0.966667,0.967963,1.75907,9.8414
64,0,mpi,8,2,iris,0.966667,0.967963,1.76304,5.26086
64,0,mpi,8,2,iris,0.966667,0.967963,1.25116,10.3371
64,0,mpi,8,2,iris,0.966667,0.967963,1.71311,10.4162
64,0,mpi,8,2,iris,0.966667,0.967963,1.77885,4.95074
64,0,mpi,16,2,iris,0.966667,0.967963,2.26056,10.4703
64,0,mpi,16,2,iris,0.966667,0.967963,2.3502,10.2568
64,0,mpi,16,2,iris,0.966667,0.967963,2.41057,4.35021
64,0,mpi,16,2,iris,0.966667,0.967963,2.27095,10.8018
64,0,mpi,16,2,iris,0.966667,0.967963,2.3568,10.7503
64,0,mpi,32,2,iris,0.966667,0.967963,4.10882,12.7305
64,0,mpi,32,2,iris,0.966667,0.967963,3.92681,13.656
64,0,mpi,32,2,iris,0.966667,0.967963,4.03709,13.3605
64,0,mpi,32,2,iris,0.966667,0.967963,3.88374,13.7042
64,0,mpi,32,2,iris,0.966667,0.967963,3.12748,12.802
64,0,mpi,8,4,iris,0.966667,0.967963,0.964939,11.8544
64,0,mpi,8,4,iris,0.966667,0.967963,1.49192,10.5894
64,0,mpi,8,4,iris,0.966667,0.967963,1.58797,10.809
64,0,mpi,8,4,iris,0.966667,0.967963,1.60351,10.6168
64,0,mpi,8,4,iris,0.966667,0.967963,1.05134,11.5808
64,0,mpi,16,4,iris,0.966667,0.967963,2.24369,11.1362
64,0,mpi,16,4,iris,0.966667,0.967963,1.62624,11.1488
64,0,mpi,16,4,iris,0.966667,0.967963,1.63488,11.6769
64,0,mpi,16,4,iris,0.966667,0.967963,2.16463,10.7946
64,0,mpi,16,4,iris,0.966667,0.967963,1.98567,4.7037
64,0,mpi,32,4,iris,0.966667,0.967963,3.00532,11.5168
64,0,mpi,32,4,iris,0.966667,0.967963,3.06239,11.2036
64,0,mpi,32,4,iris,0.966667,0.967963,3.08461,3.98981
64,0,mpi,32,4,iris,0.966667,0.967963,2.56736,14.0738
64,0,mpi,32,4,iris,0.966667,0.967963,2.98746,13.9197
64,0,mpi,8,8,iris,0.966667,0.967963,1.39989,10.1292
64,0,mpi,8,8,iris,0.966667,0.967963,1.32841,4.76147
64,0,mpi,8,8,iris,0.966667,0.967963,1.31381,12.0411
64,0,mpi,8,8,iris,0.966667,0.967963,1.44179,12.1207
64,0,mpi,8,8,iris,0.966667,0.967963,1.37408,11.8313
64,0,mpi,16,8,iris,0.966667,0.967963,1.75204,4.72341
64,0,mpi,16,8,iris,0.966667,0.967963,1.22068,10.7265
64,0,mpi,16,8,iris,0.966667,0.967963,1.6841,12.0526
64,0,mpi,16,8,iris,0.966667,0.967963,1.66574,11.5115
64,0,mpi,16,8,iris,0.966667,0.967963,1.66322,4.24587
64,0,mpi,32,8,iris,0.966667,0.967963,2.69109,12.8335
64,0,mpi,32,8,iris,0.966667,0.967963,2.70401,11.8509
64,0,mpi,32,8,iris,0.966667,0.967963,2.54896,3.48253
64,0,mpi,32,8,iris,0.966667,0.967963,2.05499,14.21
64,0,mpi,32,8,iris,0.966667,0.967963,2.61217,13.6403
128,0,mpi,8,2,iris,0.966667,0.967963,2.23565,10.2486
128,0,mpi,8,2,iris,0.966667,0.967963,2.18536,10.8313
128,0,mpi,8,2,iris,0.966667,0.967963,2.24849,9.85975
128,0,mpi,8,2,iris,0.966667,0.967963,2.29681,4.04015
128,0,mpi,8,2,iris,0.966667,0.967963,2.13363,10.7261
128,0,mpi,16,2,iris,0.966667,0.967963,1.98464,11.1369
128,0,mpi,16,2,iris,0.966667,0.967963,2.51765,10.4613
128,0,mpi,16,2,iris,0.966667,0.967963,2.44319,10.9592
128,0,mpi,16,2,iris,0.966667,0.967963,2.51573,10.9652
128,0,mpi,16,2,iris,0.966667,0.967963,2.52525,10.0016
128,0,mpi,32,2,iris,0.966667,0.967963,5.09298,9.62487
128,0,mpi,32,2,iris,0.966667,0.967963,4.08054,10.3579
128,0,mpi,32,2,iris,0.966667,0.967963,4.92354,10.9163
128,0,mpi,32,2,iris,0.966667,0.967963,3.56074,10.7243
128,0,mpi,32,2,iris,0.966667,0.967963,4.00224,10.5117
128,0,mpi,8,4,iris,0.966667,0.967963,1.70742,10.8318
128,0,mpi,8,4,iris,0.966667,0.967963,1.62485,11.5324
128,0,mpi,8,4,iris,0.966667,0.967963,1.72504,10.2984
128,0,mpi,8,4,iris,0.966667,0.967963,1.77236,11.2072
128,0,mpi,8,4,iris,0.966667,0.967963,1.24904,5.41614
128,0,mpi,16,4,iris,0.966667,0.967963,2.3225,10.735
128,0,mpi,16,4,iris,0.966667,0.967963,2.19457,11.5675
128,0,mpi,16,4,iris,0.966667,0.967963,1.85123,11.9231
128,0,mpi,16,4,iris,0.966667,0.967963,1.76216,11.7018
128,0,mpi,16,4,iris,0.966667,0.967963,2.31503,10.8543
128,0,mpi,32,4,iris,0.966667,0.967963,3.91716,23.4125
128,0,mpi,32,4,iris,0.966667,0.967963,4.1241,13.5661
128,0,mpi,32,4,iris,0.966667,0.967963,4.60085,1.95363
128,0,mpi,32,4,iris,0.966667,0.967963,4.08256,3.75629
128,0,mpi,32,4,iris,0.966667,0.967963,3.62651,16.307
128,0,mpi,8,8,iris,0.966667,0.967963,1.47871,11.7116
128,0,mpi,8,8,iris,0.966667,0.967963,1.57375,4.45126
128,0,mpi,8,8,iris,0.966667,0.967963,1.4922,4.23353
128,0,mpi,8,8,iris,0.966667,0.967963,0.952077,11.3766
128,0,mpi,8,8,iris,0.966667,0.967963,1.59789,3.81809
128,0,mpi,16,8,iris,0.966667,0.967963,2.12274,11.3549
128,0,mpi,16,8,iris,0.966667,0.967963,2.06625,12.3282
128,0,mpi,16,8,iris,0.966667,0.967963,2.13795,12.0461
128,0,mpi,16,8,iris,0.966667,0.967963,1.62785,11.5378
128,0,mpi,16,8,iris,0.966667,0.967963,2.15755,3.30719
128,0,mpi,32,8,iris,0.966667,0.967963,3.06602,14.9864
128,0,mpi,32,8,iris,0.966667,0.967963,3.0894,12.0184
128,0,mpi,32,8,iris,0.966667,0.967963,2.53183,14.8072
128,0,mpi,32,8,iris,0.966667,0.967963,3.10992,13.1633
128,0,mpi,32,8,iris,0.966667,0.967963,3.75762,13.4775
256,0,mpi,8,2,iris,0.966667,0.967963,3.12545,10.4179
256,0,mpi,8,2,iris,0.966667,0.967963,3.0527,10.609
256,0,mpi,8,2,iris,0.966667,0.967963,2.57338,10.8523
256,0,mpi,8,2,iris,0.966667,0.967963,3.12121,10.2444
256,0,mpi,8,2,iris,0.966667,0.967963,3.19068,10.758
256,0,mpi,16,2,iris,0.966667,0.967963,2.94938,3.6076
256,0,mpi,16,2,iris,0.966667,0.967963,2.84618,10.8234
256,0,mpi,16,2,iris,0.966667,0.967963,3.25867,10.8308
256,0,mpi,16,2,iris,0.966667,0.967963,2.94798,10.7988
256,0,mpi,16,2,iris,0.966667,0.967963,3.09524,10.5241
256,0,mpi,32,2,iris,0.966667,0.967963,4.36624,10.6531
256,0,mpi,32,2,iris,0.966667,0.967963,4.61137,10.4557
256,0,mpi,32,2,iris,0.966667,0.967963,4.38955,10.9056
256,0,mpi,32,2,iris,0.966667,0.967963,6.57466,14.5481
256,0,mpi,32,2,iris,0.966667,0.967963,4.1007,10.9586
256,0,mpi,8,4,iris,0.966667,0.967963,2.23608,10.8519
256,0,mpi,8,4,iris,0.966667,0.967963,1.66395,11.2488
256,0,mpi,8,4,iris,0.966667,0.967963,2.23142,10.1279
256,0,mpi,8,4,iris,0.966667,0.967963,2.15912,10.3568
256,0,mpi,8,4,iris,0.966667,0.967963,2.217,10.916
256,0,mpi,16,4,iris,0.966667,0.967963,1.94114,4.89132
256,0,mpi,16,4,iris,0.966667,0.967963,2.47292,4.0719
256,0,mpi,16,4,iris,0.966667,0.967963,2.41979,10.9983
256,0,mpi,16,4,iris,0.966667,0.967963,2.57861,10.7655
256,0,mpi,16,4,iris,0.966667,0.967963,2.54723,11.0934
256,0,mpi,32,4,iris,0.966667,0.967963,4.11404,10.6169
256,0,mpi,32,4,iris,0.966667,0.967963,4.01085,10.7122
256,0,mpi,32,4,iris,0.966667,0.967963,3.77545,13.2349
256,0,mpi,32,4,iris,0.966667,0.967963,4.16367,3.44296
256,0,mpi,32,4,iris,0.966667,0.967963,4.06465,16.1521
256,0,mpi,8,8,iris,0.966667,0.967963,1.78442,4.46911
256,0,mpi,8,8,iris,0.966667,0.967963,1.71309,12.2315
256,0,mpi,8,8,iris,0.966667,0.967963,1.68619,11.8396
256,0,mpi,8,8,iris,0.966667,0.967963,1.70492,12.0057
256,0,mpi,8,8,iris,0.966667,0.967963,1.21317,11.9289
256,0,mpi,16,8,iris,0.966667,0.967963,2.29048,11.2911
256,0,mpi,16,8,iris,0.966667,0.967963,2.39286,11.7073
256,0,mpi,16,8,iris,0.966667,0.967963,2.46976,21.7942
256,0,mpi,16,8,iris,0.966667,0.967963,2.49316,11.3414
256,0,mpi,16,8,iris,0.966667,0.967963,2.275,10.6331
256,0,mpi,32,8,iris,0.966667,0.967963,4.06005,14.5265
256,0,mpi,32,8,iris,0.966667,0.967963,3.46466,12.0696
256,0,mpi,32,8,iris,0.966667,0.967963,3.57364,15.1417
256,0,mpi,32,8,iris,0.966667,0.967963,3.75078,15.3144
256,0,mpi,32,8,iris,0.966667,0.967963,4.14152,11.5513
